скалолазание,охота
горные лыжи
скалолазание,охота
горные лыжи
скалолазание,охота
горные лыжи
скалолазание,охота
горные лыжи
скалолазание,охота
горные лыжи
скалолазание,охота
горные лыжи
скалолазание,охота
горные лыжи
скалолазание,охота
горные лыжи
скалолазание,охота
горные лыжи
скалолазание,охота
горные лыжи
скалолазание,охота
горные лыжи
скалолазание,охота
горные лыжи
скалолазание,охота
горные лыжи
скалолазание,охота
горные лыжи
скалолазание,охота
горные лыжи
скалолазание,охота
горные лыжи
скалолазание,охота
горные лыжи
скалолазание,охота
горные лыжи
скалолазание,охота
горные лыжи
скалолазание,охота
горные лыжи
скалолазание,охота
горные лыжи
скалолазание,охота
горные лыжи
скалолазание,охота
горные лыжи
скалолазание,охота
горные лыжи
скалолазание,охота
горные лыжи
скалолазание,охота
горные лыжи
скалолазание,охота
горные лыжи
скалолазание,охота
горные лыжи
скалолазание,охота
горные лыжи
скалолазание,охота
горные лыжи
скалолазание,охота
горные лыжи
скалолазание,охота
горные лыжи
скалолазание,охота
горные лыжи
скалолазание,охота
горные лыжи
скалолазание,охота
горные лыжи
скалолазание,охота
горные лыжи
скалолазание,охота
горные лыжи
скалолазание,охота
горные лыжи
скалолазание,охота
горные лыжи
скалолазание,охота
горные лыжи
скалолазание,охота
горные лыжи
скалолазание,охота
горные лыжи
скалолазание,охота
горные лыжи
скалолазание,охота
горные лыжи
скалолазание,охота
горные лыжи
скалолазание,охота
горные лыжи
скалолазание,охота
горные лыжи
скалолазание,охота
горные лыжи
скалолазание,охота
горные лыжи
скалолазание,охота
горные лыжи
скалолазание,охота
горные лыжи
скалолазание,охота
горные лыжи
скалолазание,охота
горные лыжи
скалолазание,охота
горные лыжи
скалолазание,охота
горные лыжи
скалолазание,охота
горные лыжи
скалолазание,охота
горные лыжи
скалолазание,охота
горные лыжи
скалолазание,охота
горные лыжи
скалолазание,охота
горные лыжи
скалолазание,охота
горные лыжи
скалолазание,охота
горные лыжи
скалолазание,охота
горные лыжи
скалолазание,охота
горные лыжи
скалолазание,охота
горные лыжи
скалолазание,охота
горные лыжи
скалолазание,охота
горные лыжи
скалолазание,охота
горные лыжи
скалолазание,охота
горные лыжи
скалолазание,охота
горные лыжи
скалолазание,охота
горные лыжи
скалолазание,охота
горные лыжи
скалолазание,охота
горные лыжи
скалолазание,охота
горные лыжи
скалолазание,охота
горные лыжи
скалолазание,охота
горные лыжи
скалолазание,охота
горные лыжи
скалолазание,охота
горные лыжи
скалолазание,охота
горные лыжи
скалолазание,охота
горные лыжи
скалолазание,охота
горные лыжи
скалолазание,охота
горные лыжи
скалолазание,охота
горные лыжи
скалолазание,охота
горные лыжи
скалолазание,охота
горные лыжи
скалолазание,охота
горные лыжи
скалолазание,охота
горные лыжи
скалолазание,охота
горные лыжи
скалолазание,охота
горные лыжи
скалолазание,охота
горные лыжи
скалолазание,охота
горные лыжи
скалолазание,охота
горные лыжи
скалолазание,охота
горные лыжи
скалолазание,охота
горные лыжи
скалолазание,охота
горные лыжи
скалолазание,охота
горные лыжи
скалолазание,охота
горные лыжи
скалолазание,охота
горные лыжи
скалолазание,охота
горные лыжи
скалолазание,охота
горные лыжи
скалолазание,охота
горные лыжи
скалолазание,охота
горные лыжи
скалолазание,охота
горные лыжи
скалолазание,охота
горные лыжи
скалолазание,охота
горные лыжи
скалолазание,охота
горные лыжи
скалолазание,охота
горные лыжи
скалолазание,охота
горные лыжи
скалолазание,охота
горные лыжи
скалолазание,охота
горные лыжи
скалолазание,охота
горные лыжи
скалолазание,охота
горные лыжи
скалолазание,охота
горные лыжи
скалолазание,охота
горные лыжи
скалолазание,охота
горные лыжи
скалолазание,охота
горные лыжи
скалолазание,охота
горные лыжи
скалолазание,охота
горные лыжи
скалолазание,охота
горные лыжи
скалолазание,охота
горные лыжи
скалолазание,охота
горные лыжи
скалолазание,охота
горные лыжи
скалолазание,охота
горные лыжи
скалолазание,охота
горные лыжи
скалолазание,охота
горные лыжи
скалолазание,охота
горные лыжи
скалолазание,охота
горные лыжи
скалолазание,охота
горные лыжи
скалолазание,охота
горные лыжи
скалолазание,охота
горные лыжи
скалолазание,охота
горные лыжи
скалолазание,охота
горные лыжи
скалолазание,охота
горные лыжи
скалолазание,охота
горные лыжи
скалолазание,охота
горные лыжи
скалолазание,охота
горные лыжи
скалолазание,охота
горные лыжи
скалолазание,охота
горные лыжи
скалолазание,охота
горные лыжи
скалолазание,охота
горные лыжи
скалолазание,охота
горные лыжи
скалолазание,охота
горные лыжи
скалолазание,охота
горные лыжи
скалолазание,охота
горные лыжи
скалолазание,охота
горные лыжи
скалолазание,охота
горные лыжи
скалолазание,охота
горные лыжи
скалолазание,охота
горные лыжи
скалолазание,охота
горные лыжи
скалолазание,охота
горные лыжи
скалолазание,охота
горные лыжи
скалолазание,охота
горные лыжи
скалолазание,охота
горные лыжи
скалолазание,охота
горные лыжи
скалолазание,охота
горные лыжи
скалолазание,охота
горные лыжи
скалолазание,охота
горные лыжи
скалолазание,охота
горные лыжи
скалолазание,охота
горные лыжи
скалолазание,охота
горные лыжи
скалолазание,охота
горные лыжи
скалолазание,охота
горные лыжи
скалолазание,охота
горные лыжи
скалолазание,охота
горные лыжи
скалолазание,охота
горные лыжи
скалолазание,охота
горные лыжи
скалолазание,охота
горные лыжи
скалолазание,охота
горные лыжи
скалолазание,охота
горные лыжи
скалолазание,охота
горные лыжи
скалолазание,охота
горные лыжи
скалолазание,охота
горные лыжи
скалолазание,охота
горные лыжи
скалолазание,охота
горные лыжи
скалолазание,охота
горные лыжи
скалолазание,охота
горные лыжи
скалолазание,охота
горные лыжи
скалолазание,охота
горные лыжи
скалолазание,охота
горные лыжи
скалолазание,охота
горные лыжи
скалолазание,охота
горные лыжи
скалолазание,охота
горные лыжи
скалолазание,охота
горные лыжи
скалолазание,охота
горные лыжи
скалолазание,охота
горные лыжи
скалолазание,охота
горные лыжи
скалолазание,охота
горные лыжи
скалолазание,охота
горные лыжи
скалолазание,охота
горные лыжи
скалолазание,охота
горные лыжи
скалолазание,охота
горные лыжи
скалолазание,охота
горные лыжи
скалолазание,охота
горные лыжи
скалолазание,охота
горные лыжи
скалолазание,охота
горные лыжи
скалолазание,охота
горные лыжи
скалолазание,охота
горные лыжи
скалолазание,охота
горные лыжи
скалолазание,охота
горные лыжи
скалолазание,охота
горные лыжи
скалолазание,охота
горные лыжи
скалолазание,охота
горные лыжи
скалолазание,охота
горные лыжи
скалолазание,охота
горные лыжи
скалолазание,охота
горные лыжи
скалолазание,охота
горные лыжи
скалолазание,охота
горные лыжи
скалолазание,охота
горные лыжи
скалолазание,охота
горные лыжи
скалолазание,охота
горные лыжи
скалолазание,охота
горные лыжи
скалолазание,охота
горные лыжи
скалолазание,охота
горные лыжи
скалолазание,охота
горные лыжи
скалолазание,охота
горные лыжи
скалолазание,охота
горные лыжи
скалолазание,охота
горные лыжи
скалолазание,охота
горные лыжи
скалолазание,охота
горные лыжи
скалолазание,охота
горные лыжи
скалолазание,охота
горные лыжи
скалолазание,охота
горные лыжи
скалолазание,охота
горные лыжи
скалолазание,охота
горные лыжи
скалолазание,охота
горные лыжи
скалолазание,охота
горные лыжи
скалолазание,охота
горные лыжи
скалолазание,охота
горные лыжи
скалолазание,охота
горные лыжи
скалолазание,охота
горные лыжи
скалолазание,охота
горные лыжи
скалолазание,охота
горные лыжи
скалолазание,охота
горные лыжи
скалолазание,охота
горные лыжи
скалолазание,охота
горные лыжи
скалолазание,охота
горные лыжи
скалолазание,охота
горные лыжи
скалолазание,охота
горные лыжи
скалолазание,охота
горные лыжи
скалолазание,охота
горные лыжи
скалолазание,охота
горные лыжи
скалолазание,охота
горные лыжи
скалолазание,охота
горные лыжи
скалолазание,охота
горные лыжи
скалолазание,охота
горные лыжи
скалолазание,охота
горные лыжи
скалолазание,охота
горные лыжи
скалолазание,охота
горные лыжи
скалолазание,охота
горные лыжи
скалолазание,охота
горные лыжи
скалолазание,охота
горные лыжи
скалолазание,охота
горные лыжи
скалолазание,охота
горные лыжи
скалолазание,охота
горные лыжи
скалолазание,охота
горные лыжи
скалолазание,охота
горные лыжи
скалолазание,охота
горные лыжи
скалолазание,охота
горные лыжи
скалолазание,охота
горные лыжи
скалолазание,охота
горные лыжи
скалолазание,охота
горные лыжи
скалолазание,охота
горные лыжи
скалолазание,охота
горные лыжи
скалолазание,охота
горные лыжи
скалолазание,охота
горные лыжи
скалолазание,охота
горные лыжи
скалолазание,охота
горные лыжи
скалолазание,охота
горные лыжи
скалолазание,охота
горные лыжи
скалолазание,охота
горные лыжи
скалолазание,охота
горные лыжи
скалолазание,охота
горные лыжи
скалолазание,охота
горные лыжи
скалолазание,охота
горные лыжи
скалолазание,охота
горные лыжи
скалолазание,охота
горные лыжи
скалолазание,охота
горные лыжи
скалолазание,охота
горные лыжи
скалолазание,охота
горные лыжи
скалолазание,охота
горные лыжи
скалолазание,охота
горные лыжи
скалолазание,охота
горные лыжи
скалолазание,охота
горные лыжи
скалолазание,охота
горные лыжи
скалолазание,охота
горные лыжи
скалолазание,охота
горные лыжи
скалолазание,охота
горные лыжи
скалолазание,охота
горные лыжи
скалолазание,охота
горные лыжи
скалолазание,охота
горные лыжи
скалолазание,охота
горные лыжи
скалолазание,охота
горные лыжи
скалолазание,охота
горные лыжи
скалолазание,охота
горные лыжи
скалолазание,охота
горные лыжи
скалолазание,охота
горные лыжи
скалолазание,охота
горные лыжи
скалолазание,охота
горные лыжи
скалолазание,охота
горные лыжи
скалолазание,охота
горные лыжи
скалолазание,охота
горные лыжи
скалолазание,охота
горные лыжи
скалолазание,охота
горные лыжи
скалолазание,охота
горные лыжи
скалолазание,охота
горные лыжи
скалолазание,охота
горные лыжи
скалолазание,охота
горные лыжи
скалолазание,охота
горные лыжи
скалолазание,охота
горные лыжи
скалолазание,охота
горные лыжи
скалолазание,охота
горные лыжи
скалолазание,охота
горные лыжи
скалолазание,охота
горные лыжи
скалолазание,охота
горные лыжи
скалолазание,охота
горные лыжи
скалолазание,охота
горные лыжи
скалолазание,охота
горные лыжи
скалолазание,охота
горные лыжи
скалолазание,охота
горные лыжи
скалолазание,охота
горные лыжи
скалолазание,охота
горные лыжи
скалолазание,охота
горные лыжи
скалолазание,охота
горные лыжи
скалолазание,охота
горные лыжи
скалолазание,охота
горные лыжи
скалолазание,охота
горные лыжи
скалолазание,охота
горные лыжи
скалолазание,охота
горные лыжи
скалолазание,охота
горные лыжи
скалолазание,охота
горные лыжи
скалолазание,охота
горные лыжи
скалолазание,охота
горные лыжи
скалолазание,охота
горные лыжи
скалолазание,охота
горные лыжи
скалолазание,охота
горные лыжи
скалолазание,охота
горные лыжи
скалолазание,охота
горные лыжи
скалолазание,охота
горные лыжи
скалолазание,охота
горные лыжи
скалолазание,охота
горные лыжи
скалолазание,охота
горные лыжи
скалолазание,охота
горные лыжи
скалолазание,охота
горные лыжи
скалолазание,охота
горные лыжи
скалолазание,охота
горные лыжи
скалолазание,охота
горные лыжи
скалолазание,охота
горные лыжи
скалолазание,охота
горные лыжи
скалолазание,охота
горные лыжи
скалолазание,охота
горные лыжи
скалолазание,охота
горные лыжи
скалолазание,охота
горные лыжи
скалолазание,охота
горные лыжи
скалолазание,охота
горные лыжи
скалолазание,охота
горные лыжи
скалолазание,охота
горные лыжи
скалолазание,охота
горные лыжи
скалолазание,охота
горные лыжи
скалолазание,охота
горные лыжи
скалолазание,охота
горные лыжи
скалолазание,охота
горные лыжи
скалолазание,охота
горные лыжи
скалолазание,охота
горные лыжи
скалолазание,охота
горные лыжи
скалолазание,охота
горные лыжи
скалолазание,охота
горные лыжи
скалолазание,охота
горные лыжи
скалолазание,охота
горные лыжи
скалолазание,охота
горные лыжи
скалолазание,охота
горные лыжи
скалолазание,охота
горные лыжи
скалолазание,охота
горные лыжи
скалолазание,охота
горные лыжи
скалолазание,охота
горные лыжи
скалолазание,охота
горные лыжи
скалолазание,охота
горные лыжи
скалолазание,охота
горные лыжи
скалолазание,охота
горные лыжи
скалолазание,охота
горные лыжи
скалолазание,охота
горные лыжи
скалолазание,охота
горные лыжи
скалолазание,охота
горные лыжи
скалолазание,охота
горные лыжи
скалолазание,охота
горные лыжи
скалолазание,охота
горные лыжи
скалолазание,охота
горные лыжи
скалолазание,охота
горные лыжи
скалолазание,охота
горные лыжи
скалолазание,охота
горные лыжи
скалолазание,охота
горные лыжи
скалолазание,охота
горные лыжи
скалолазание,охота
горные лыжи
скалолазание,охота
горные лыжи
скалолазание,охота
горные лыжи
скалолазание,охота
горные лыжи
скалолазание,охота
горные лыжи
скалолазание,охота
горные лыжи
скалолазание,охота
горные лыжи
скалолазание,охота
горные лыжи
скалолазание,охота
горные лыжи
скалолазание,охота
горные лыжи
скалолазание,охота
горные лыжи
скалолазание,охота
горные лыжи
скалолазание,охота
горные лыжи
скалолазание,охота
горные лыжи
скалолазание,охота
горные лыжи
скалолазание,охота
горные лыжи
скалолазание,охота
горные лыжи
скалолазание,охота
горные лыжи
скалолазание,охота
горные лыжи
скалолазание,охота
горные лыжи
скалолазание,охота
горные лыжи
скалолазание,охота
горные лыжи
скалолазание,охота
горные лыжи
скалолазание,охота
горные лыжи
скалолазание,охота
горные лыжи
скалолазание,охота
горные лыжи
скалолазание,охота
горные лыжи
скалолазание,охота
горные лыжи
скалолазание,охота
горные лыжи
скалолазание,охота
горные лыжи
скалолазание,охота
горные лыжи
скалолазание,охота
горные лыжи
скалолазание,охота
горные лыжи
скалолазание,охота
горные лыжи
скалолазание,охота
горные лыжи
скалолазание,охота
горные лыжи
скалолазание,охота
горные лыжи
скалолазание,охота
горные лыжи
скалолазание,охота
горные лыжи
скалолазание,охота
горные лыжи
скалолазание,охота
горные лыжи
скалолазание,охота
горные лыжи
скалолазание,охота
горные лыжи
скалолазание,охота
горные лыжи
скалолазание,охота
горные лыжи
скалолазание,охота
горные лыжи
скалолазание,охота
горные лыжи
скалолазание,охота
горные лыжи
скалолазание,охота
горные лыжи
скалолазание,охота
горные лыжи
скалолазание,охота
горные лыжи
скалолазание,охота
горные лыжи
скалолазание,охота
горные лыжи
скалолазание,охота
горные лыжи
скалолазание,охота
горные лыжи
скалолазание,охота
горные лыжи
скалолазание,охота
горные лыжи
скалолазание,охота
горные лыжи
скалолазание,охота
горные лыжи
скалолазание,охота
горные лыжи
скалолазание,охота
горные лыжи
скалолазание,охота
горные лыжи
скалолазание,охота
горные лыжи
скалолазание,охота
горные лыжи
скалолазание,охота
горные лыжи
скалолазание,охота
горные лыжи
скалолазание,охота
горные лыжи
скалолазание,охота
горные лыжи
скалолазание,охота
горные лыжи
скалолазание,охота
горные лыжи
скалолазание,охота
горные лыжи
скалолазание,охота
горные лыжи
скалолазание,охота
горные лыжи
скалолазание,охота
горные лыжи
скалолазание,охота
горные лыжи
скалолазание,охота
горные лыжи
скалолазание,охота
горные лыжи
скалолазание,охота
горные лыжи
скалолазание,охота
горные лыжи
скалолазание,охота
горные лыжи
скалолазание,охота
горные лыжи
скалолазание,охота
горные лыжи
скалолазание,охота
горные лыжи
скалолазание,охота
горные лыжи
скалолазание,охота
горные лыжи
скалолазание,охота
горные лыжи
скалолазание,охота
горные лыжи
скалолазание,охота
горные лыжи
скалолазание,охота
горные лыжи
скалолазание,охота
горные лыжи
скалолазание,охота
горные лыжи
скалолазание,охота
горные лыжи
скалолазание,охота
горные лыжи
скалолазание,охота
горные лыжи
скалолазание,охота
горные лыжи
скалолазание,охота
горные лыжи
скалолазание,охота
горные лыжи
скалолазание,охота
горные лыжи
скалолазание,охота
горные лыжи
скалолазание,охота
горные лыжи
скалолазание,охота
горные лыжи
скалолазание,охота
горные лыжи
скалолазание,охота
горные лыжи
скалолазание,охота
горные лыжи
скалолазание,охота
горные лыжи
скалолазание,охота
горные лыжи
скалолазание,охота
горные лыжи
скалолазание,охота
горные лыжи
скалолазание,охота
горные лыжи
скалолазание,охота
горные лыжи
скалолазание,охота
горные лыжи
скалолазание,охота
горные лыжи
скалолазание,охота
горные лыжи
скалолазание,охота
горные лыжи
скалолазание,охота
горные лыжи
скалолазание,охота
горные лыжи
скалолазание,охота
горные лыжи
скалолазание,охота
горные лыжи
скалолазание,охота
горные лыжи
скалолазание,охота
горные лыжи
скалолазание,охота
горные лыжи
скалолазание,охота
горные лыжи
скалолазание,охота
горные лыжи
скалолазание,охота
горные лыжи
скалолазание,охота
горные лыжи
скалолазание,охота
горные лыжи
скалолазание,охота
горные лыжи
скалолазание,охота
горные лыжи
скалолазание,охота
горные лыжи
скалолазание,охота
горные лыжи
скалолазание,охота
горные лыжи
скалолазание,охота
горные лыжи
скалолазание,охота
горные лыжи
скалолазание,охота
горные лыжи
скалолазание,охота
горные лыжи
скалолазание,охота
горные лыжи
скалолазание,охота
горные лыжи
скалолазание,охота
горные лыжи
скалолазание,охота
горные лыжи
скалолазание,охота
горные лыжи
скалолазание,охота
горные лыжи
скалолазание,охота
горные лыжи
скалолазание,охота
горные лыжи
скалолазание,охота
горные лыжи
скалолазание,охота
горные лыжи
скалолазание,охота
горные лыжи
скалолазание,охота
горные лыжи
скалолазание,охота
горные лыжи
скалолазание,охота
горные лыжи
скалолазание,охота
горные лыжи
скалолазание,охота
горные лыжи
скалолазание,охота
горные лыжи
скалолазание,охота
горные лыжи
скалолазание,охота
горные лыжи
скалолазание,охота
горные лыжи
скалолазание,охота
горные лыжи
скалолазание,охота
горные лыжи
скалолазание,охота
горные лыжи
скалолазание,охота
горные лыжи
скалолазание,охота
горные лыжи
скалолазание,охота
горные лыжи
скалолазание,охота
горные лыжи
скалолазание,охота
горные лыжи
скалолазание,охота
горные лыжи
скалолазание,охота
горные лыжи
скалолазание,охота
горные лыжи
скалолазание,охота
горные лыжи
скалолазание,охота
горные лыжи
скалолазание,охота
горные лыжи
скалолазание,охота
горные лыжи
скалолазание,охота
горные лыжи
скалолазание,охота
горные лыжи
скалолазание,охота
горные лыжи
скалолазание,охота
горные лыжи
скалолазание,охота
горные лыжи
скалолазание,охота
горные лыжи
скалолазание,охота
горные лыжи
скалолазание,охота
горные лыжи
скалолазание,охота
горные лыжи
скалолазание,охота
горные лыжи
скалолазание,охота
горные лыжи
скалолазание,охота
горные лыжи
скалолазание,охота
горные лыжи
скалолазание,охота
горные лыжи
скалолазание,охота
горные лыжи
скалолазание,охота
горные лыжи
скалолазание,охота
горные лыжи
скалолазание,охота
горные лыжи
скалолазание,охота
горные лыжи
скалолазание,охота
горные лыжи
скалолазание,охота
горные лыжи
скалолазание,охота
горные лыжи
скалолазание,охота
горные лыжи
скалолазание,охота
горные лыжи
скалолазание,охота
горные лыжи
скалолазание,охота
горные лыжи
скалолазание,охота
горные лыжи
скалолазание,охота
горные лыжи
скалолазание,охота
горные лыжи
скалолазание,охота
горные лыжи
скалолазание,охота
горные лыжи
скалолазание,охота
горные лыжи
скалолазание,охота
горные лыжи
скалолазание,охота
горные лыжи
скалолазание,охота
горные лыжи
скалолазание,охота
горные лыжи
скалолазание,охота
горные лыжи
скалолазание,охота
горные лыжи
скалолазание,охота
горные лыжи
скалолазание,охота
горные лыжи
скалолазание,охота
горные лыжи
скалолазание,охота
горные лыжи
скалолазание,охота
горные лыжи
скалолазание,охота
горные лыжи
скалолазание,охота
горные лыжи
скалолазание,охота
горные лыжи
скалолазание,охота
горные лыжи
скалолазание,охота
горные лыжи
скалолазание,охота
горные лыжи
скалолазание,охота
горные лыжи
скалолазание,охота
горные лыжи
скалолазание,охота
горные лыжи
скалолазание,охота
горные лыжи
скалолазание,охота
горные лыжи
скалолазание,охота
горные лыжи
скалолазание,охота
горные лыжи
скалолазание,охота
горные лыжи
скалолазание,охота
горные лыжи
скалолазание,охота
горные лыжи
скалолазание,охота
горные лыжи
скалолазание,охота
горные лыжи
скалолазание,охота
горные лыжи
скалолазание,охота
горные лыжи
скалолазание,охота
горные лыжи
скалолазание,охота
горные лыжи
скалолазание,охота
горные лыжи
скалолазание,охота
горные лыжи
скалолазание,охота
горные лыжи
скалолазание,охота
горные лыжи
скалолазание,охота
горные лыжи
скалолазание,охота
горные лыжи
скалолазание,охота
горные лыжи
скалолазание,охота
горные лыжи
скалолазание,охота
горные лыжи
скалолазание,охота
горные лыжи
скалолазание,охота
горные лыжи
скалолазание,охота
горные лыжи
скалолазание,охота
горные лыжи
скалолазание,охота
горные лыжи
скалолазание,охота
горные лыжи
скалолазание,охота
горные лыжи
скалолазание,охота
горные лыжи
скалолазание,охота
горные лыжи
скалолазание,охота
горные лыжи
скалолазание,охота
горные лыжи
скалолазание,охота
горные лыжи
скалолазание,охота
горные лыжи
скалолазание,охота
горные лыжи
скалолазание,охота
горные лыжи
скалолазание,охота
горные лыжи
скалолазание,охота
горные лыжи
скалолазание,охота
горные лыжи
скалолазание,охота
горные лыжи
скалолазание,охота
горные лыжи
скалолазание,охота
горные лыжи
скалолазание,охота
горные лыжи
скалолазание,охота
горные лыжи
скалолазание,охота
горные лыжи
скалолазание,охота
горные лыжи
скалолазание,охота
горные лыжи
скалолазание,охота
горные лыжи
скалолазание,охота
горные лыжи
скалолазание,охота
горные лыжи
скалолазание,охота
горные лыжи
скалолазание,охота
горные лыжи
скалолазание,охота
горные лыжи
скалолазание,охота
горные лыжи
скалолазание,охота
горные лыжи
скалолазание,охота
горные лыжи
скалолазание,охота
горные лыжи
скалолазание,охота
горные лыжи
скалолазание,охота
горные лыжи
скалолазание,охота
горные лыжи
скалолазание,охота
горные лыжи
скалолазание,охота
горные лыжи
скалолазание,охота
горные лыжи
скалолазание,охота
горные лыжи
скалолазание,охота
горные лыжи
скалолазание,охота
горные лыжи
скалолазание,охота
горные лыжи
скалолазание,охота
горные лыжи
скалолазание,охота
горные лыжи
скалолазание,охота
горные лыжи
скалолазание,охота
горные лыжи
скалолазание,охота
горные лыжи
скалолазание,охота
горные лыжи
скалолазание,охота
горные лыжи
скалолазание,охота
горные лыжи
скалолазание,охота
горные лыжи
скалолазание,охота
горные лыжи
скалолазание,охота
горные лыжи
скалолазание,охота
горные лыжи
скалолазание,охота
горные лыжи
скалолазание,охота
горные лыжи
скалолазание,охота
горные лыжи
скалолазание,охота
горные лыжи
скалолазание,охота
горные лыжи
скалолазание,охота
горные лыжи
скалолазание,охота
горные лыжи
скалолазание,охота
горные лыжи
скалолазание,охота
горные лыжи
скалолазание,охота
горные лыжи
скалолазание,охота
горные лыжи
скалолазание,охота
горные лыжи
скалолазание,охота
горные лыжи
скалолазание,охота
горные лыжи
скалолазание,охота
горные лыжи
скалолазание,охота
горные лыжи
скалолазание,охота
горные лыжи
скалолазание,охота
горные лыжи
скалолазание,охота
горные лыжи
скалолазание,охота
горные лыжи
скалолазание,охота
горные лыжи
скалолазание,охота
горные лыжи
скалолазание,охота
горные лыжи
скалолазание,охота
горные лыжи
скалолазание,охота
горные лыжи
скалолазание,охота
горные лыжи
скалолазание,охота
горные лыжи
скалолазание,охота
горные лыжи
скалолазание,охота
горные лыжи
скалолазание,охота
горные лыжи
скалолазание,охота
горные лыжи
скалолазание,охота
горные лыжи
скалолазание,охота
горные лыжи
скалолазание,охота
горные лыжи
скалолазание,охота
горные лыжи
скалолазание,охота
горные лыжи
скалолазание,охота
горные лыжи
скалолазание,охота
горные лыжи
скалолазание,охота
горные лыжи
скалолазание,охота
горные лыжи
скалолазание,охота
горные лыжи
скалолазание,охота
горные лыжи
скалолазание,охота
горные лыжи
скалолазание,охота
горные лыжи
скалолазание,охота
горные лыжи
скалолазание,охота
горные лыжи
скалолазание,охота
горные лыжи
скалолазание,охота
горные лыжи
скалолазание,охота
горные лыжи
скалолазание,охота
горные лыжи
скалолазание,охота
горные лыжи
скалолазание,охота
горные лыжи
скалолазание,охота
горные лыжи
скалолазание,охота
горные лыжи
скалолазание,охота
горные лыжи
скалолазание,охота
горные лыжи
скалолазание,охота
горные лыжи
скалолазание,охота
горные лыжи
скалолазание,охота
горные лыжи
скалолазание,охота
горные лыжи
скалолазание,охота
горные лыжи
скалолазание,охота
горные лыжи
скалолазание,охота
горные лыжи
скалолазание,охота
горные лыжи
скалолазание,охота
горные лыжи
скалолазание,охота
горные лыжи
скалолазание,охота
горные лыжи
скалолазание,охота
горные лыжи
скалолазание,охота
горные лыжи
скалолазание,охота
горные лыжи
скалолазание,охота
горные лыжи
скалолазание,охота
горные лыжи
скалолазание,охота
горные лыжи
скалолазание,охота
горные лыжи
скалолазание,охота
горные лыжи
скалолазание,охота
горные лыжи
скалолазание,охота
горные лыжи
скалолазание,охота
горные лыжи
скалолазание,охота
горные лыжи
скалолазание,охота
горные лыжи
скалолазание,охота
горные лыжи
скалолазание,охота
горные лыжи
скалолазание,охота
горные лыжи
скалолазание,охота
горные лыжи
скалолазание,охота
горные лыжи
скалолазание,охота
горные лыжи
скалолазание,охота
горные лыжи
скалолазание,охота
горные лыжи
скалолазание,охота
горные лыжи
скалолазание,охота
горные лыжи
скалолазание,охота
горные лыжи
скалолазание,охота
горные лыжи
скалолазание,охота
горные лыжи
скалолазание,охота
горные лыжи
скалолазание,охота
горные лыжи
скалолазание,охота
горные лыжи
скалолазание,охота
горные лыжи
скалолазание,охота
горные лыжи
скалолазание,охота
горные лыжи
скалолазание,охота
горные лыжи
скалолазание,охота
горные лыжи
скалолазание,охота
горные лыжи
скалолазание,охота
горные лыжи
скалолазание,охота
горные лыжи
скалолазание,охота
горные лыжи
скалолазание,охота
горные лыжи
скалолазание,охота
горные лыжи
скалолазание,охота
горные лыжи
скалолазание,охота
горные лыжи
скалолазание,охота
горные лыжи
скалолазание,охота
горные лыжи
скалолазание,охота
горные лыжи
скалолазание,охота
горные лыжи
скалолазание,охота
горные лыжи
скалолазание,охота
горные лыжи
скалолазание,охота
горные лыжи
скалолазание,охота
горные лыжи
скалолазание,охота
горные лыжи
скалолазание,охота
горные лыжи
скалолазание,охота
горные лыжи
скалолазание,охота
горные лыжи
скалолазание,охота
горные лыжи
скалолазание,охота
горные лыжи
скалолазание,охота
горные лыжи
скалолазание,охота
горные лыжи
скалолазание,охота
горные лыжи
скалолазание,охота
горные лыжи
скалолазание,охота
горные лыжи
скалолазание,охота
горные лыжи
скалолазание,охота
горные лыжи
скалолазание,охота
горные лыжи
скалолазание,охота
горные лыжи
скалолазание,охота
горные лыжи
скалолазание,охота
горные лыжи
скалолазание,охота
горные лыжи
скалолазание,охота
горные лыжи
скалолазание,охота
горные лыжи
скалолазание,охота
горные лыжи
скалолазание,охота
горные лыжи
скалолазание,охота
горные лыжи
скалолазание,охота
горные лыжи
скалолазание,охота
горные лыжи
скалолазание,охота
горные лыжи
скалолазание,охота
горные лыжи
скалолазание,охота
горные лыжи
скалолазание,охота
горные лыжи
скалолазание,охота
горные лыжи
скалолазание,охота
горные лыжи
скалолазание,охота
горные лыжи
скалолазание,охота
горные лыжи
скалолазание,охота
горные лыжи
скалолазание,охота
горные лыжи
скалолазание,охота
горные лыжи
скалолазание,охота
горные лыжи
скалолазание,охота
горные лыжи
скалолазание,охота
горные лыжи
скалолазание,охота
горные лыжи
скалолазание,охота
горные лыжи
скалолазание,охота
горные лыжи
скалолазание,охота
горные лыжи
скалолазание,охота
горные лыжи
скалолазание,охота
горные лыжи
скалолазание,охота
горные лыжи
скалолазание,охота
горные лыжи
скалолазание,охота
горные лыжи
скалолазание,охота
горные лыжи
скалолазание,охота
горные лыжи
скалолазание,охота
горные лыжи
скалолазание,охота
горные лыжи
скалолазание,охота
горные лыжи
скалолазание,охота
горные лыжи
скалолазание,охота
горные лыжи
скалолазание,охота
горные лыжи
скалолазание,охота
горные лыжи
скалолазание,охота
горные лыжи
скалолазание,охота
горные лыжи
скалолазание,охота
горные лыжи
скалолазание,охота
горные лыжи
скалолазание,охота
горные лыжи
скалолазание,охота
горные лыжи
скалолазание,охота
горные лыжи
скалолазание,охота
горные лыжи
скалолазание,охота
горные лыжи
скалолазание,охота
горные лыжи
скалолазание,охота
горные лыжи
скалолазание,охота
горные лыжи
скалолазание,охота
горные лыжи
скалолазание,охота
горные лыжи
скалолазание,охота
горные лыжи
скалолазание,охота
горные лыжи
скалолазание,охота
горные лыжи
скалолазание,охота
горные лыжи
скалолазание,охота
горные лыжи
скалолазание,охота
горные лыжи
скалолазание,охота
горные лыжи
скалолазание,охота
горные лыжи
скалолазание,охота
горные лыжи
скалолазание,охота
горные лыжи
скалолазание,охота
горные лыжи
скалолазание,охота
горные лыжи
скалолазание,охота
горные лыжи
скалолазание,охота
горные лыжи
скалолазание,охота
горные лыжи
скалолазание,охота
горные лыжи
скалолазание,охота
горные лыжи
скалолазание,охота
горные лыжи
скалолазание,охота
горные лыжи
скалолазание,охота
горные лыжи
скалолазание,охота
горные лыжи
скалолазание,охота
горные лыжи
скалолазание,охота
горные лыжи
скалолазание,охота
горные лыжи
скалолазание,охота
горные лыжи
скалолазание,охота
горные лыжи
скалолазание,охота
горные лыжи
скалолазание,охота
горные лыжи
скалолазание,охота
горные лыжи
скалолазание,охота
горные лыжи
скалолазание,охота
горные лыжи
скалолазание,охота
горные лыжи
скалолазание,охота
горные лыжи
скалолазание,охота
горные лыжи
скалолазание,охота
горные лыжи
скалолазание,охота
горные лыжи
скалолазание,охота
горные лыжи
скалолазание,охота
горные лыжи
скалолазание,охота
горные лыжи
скалолазание,охота
горные лыжи
скалолазание,охота
горные лыжи
скалолазание,охота
горные лыжи
скалолазание,охота
горные лыжи
скалолазание,охота
горные лыжи
скалолазание,охота
горные лыжи
скалолазание,охота
горные лыжи
скалолазание,охота
горные лыжи
скалолазание,охота
горные лыжи
скалолазание,охота
горные лыжи
скалолазание,охота
горные лыжи
скалолазание,охота
горные лыжи
скалолазание,охота
горные лыжи
скалолазание,охота
горные лыжи
скалолазание,охота
горные лыжи
скалолазание,охота
горные лыжи
скалолазание,охота
горные лыжи
скалолазание,охота
горные лыжи
скалолазание,охота
горные лыжи
скалолазание,охота
горные лыжи
скалолазание,охота
горные лыжи
скалолазание,охота
горные лыжи
скалолазание,охота
горные лыжи
скалолазание,охота
горные лыжи
скалолазание,охота
горные лыжи
скалолазание,охота
горные лыжи
скалолазание,охота
горные лыжи
скалолазание,охота
горные лыжи
скалолазание,охота
горные лыжи
скалолазание,охота
горные лыжи
скалолазание,охота
горные лыжи
скалолазание,охота
горные лыжи
скалолазание,охота
горные лыжи
скалолазание,охота
горные лыжи
скалолазание,охота
горные лыжи
скалолазание,охота
горные лыжи
скалолазание,охота
горные лыжи
скалолазание,охота
горные лыжи
скалолазание,охота
горные лыжи
скалолазание,охота
горные лыжи
скалолазание,охота
горные лыжи
скалолазание,охота
горные лыжи
скалолазание,охота
горные лыжи
скалолазание,охота
горные лыжи
скалолазание,охота
горные лыжи
скалолазание,охота
горные лыжи
скалолазание,охота
горные лыжи
скалолазание,охота
горные лыжи
скалолазание,охота
горные лыжи
скалолазание,охота
горные лыжи
скалолазание,охота
горные лыжи
скалолазание,охота
горные лыжи
скалолазание,охота
горные лыжи
скалолазание,охота
горные лыжи
скалолазание,охота
горные лыжи
скалолазание,охота
горные лыжи
скалолазание,охота
горные лыжи
скалолазание,охота
горные лыжи
скалолазание,охота
горные лыжи
скалолазание,охота
горные лыжи
скалолазание,охота
горные лыжи
скалолазание,охота
горные лыжи
скалолазание,охота
горные лыжи
скалолазание,охота
горные лыжи
скалолазание,охота
горные лыжи
скалолазание,охота
горные лыжи
скалолазание,охота
горные лыжи
скалолазание,охота
горные лыжи
скалолазание,охота
горные лыжи
скалолазание,охота
горные лыжи
скалолазание,охота
горные лыжи
скалолазание,охота
горные лыжи
скалолазание,охота
горные лыжи
скалолазание,охота
горные лыжи
скалолазание,охота
горные лыжи
скалолазание,охота
горные лыжи
скалолазание,охота
горные лыжи
скалолазание,охота
горные лыжи
скалолазание,охота
горные лыжи
скалолазание,охота
горные лыжи
скалолазание,охота
горные лыжи
скалолазание,охота
горные лыжи
скалолазание,охота
горные лыжи
скалолазание,охота
горные лыжи
скалолазание,охота
горные лыжи
скалолазание,охота
горные лыжи
скалолазание,охота
горные лыжи
скалолазание,охота
горные лыжи
скалолазание,охота
горные лыжи
скалолазание,охота
горные лыжи
скалолазание,охота
горные лыжи
скалолазание,охота
горные лыжи
скалолазание,охота
горные лыжи
скалолазание,охота
горные лыжи
скалолазание,охота
горные лыжи
скалолазание,охота
горные лыжи
скалолазание,охота
горные лыжи
скалолазание,охота
горные лыжи
скалолазание,охота
горные лыжи
скалолазание,охота
горные лыжи
скалолазание,охота
горные лыжи
скалолазание,охота
горные лыжи
скалолазание,охота
горные лыжи
скалолазание,охота
горные лыжи
скалолазание,охота
горные лыжи
скалолазание,охота
горные лыжи
скалолазание,охота
горные лыжи
скалолазание,охота
горные лыжи
скалолазание,охота
горные лыжи
скалолазание,охота
горные лыжи
скалолазание,охота
горные лыжи
скалолазание,охота
горные лыжи
скалолазание,охота
горные лыжи
скалолазание,охота
горные лыжи
скалолазание,охота
горные лыжи
скалолазание,охота
горные лыжи
скалолазание,охота
горные лыжи
скалолазание,охота
горные лыжи
скалолазание,охота
горные лыжи
скалолазание,охота
горные лыжи
скалолазание,охота
горные лыжи
скалолазание,охота
горные лыжи
скалолазание,охота
горные лыжи
скалолазание,охота
горные лыжи
скалолазание,охота
горные лыжи
скалолазание,охота
горные лыжи
скалолазание,охота
горные лыжи
скалолазание,охота
горные лыжи
скалолазание,охота
горные лыжи
скалолазание,охота
горные лыжи
скалолазание,охота
горные лыжи
скалолазание,охота
горные лыжи
скалолазание,охота
горные лыжи
скалолазание,охота
горные лыжи
скалолазание,охота
горные лыжи
скалолазание,охота
горные лыжи
скалолазание,охота
горные лыжи
скалолазание,охота
горные лыжи
скалолазание,охота
горные лыжи
скалолазание,охота
горные лыжи
скалолазание,охота
горные лыжи
скалолазание,охота
горные лыжи
скалолазание,охота
горные лыжи
скалолазание,охота
горные лыжи
скалолазание,охота
горные лыжи
скалолазание,охота
горные лыжи
скалолазание,охота
горные лыжи
скалолазание,охота
горные лыжи
скалолазание,охота
горные лыжи
скалолазание,охота
горные лыжи
скалолазание,охота
горные лыжи
скалолазание,охота
горные лыжи
скалолазание,охота
горные лыжи
скалолазание,охота
горные лыжи
скалолазание,охота
горные лыжи
скалолазание,охота
горные лыжи
скалолазание,охота
горные лыжи
скалолазание,охота
горные лыжи
скалолазание,охота
горные лыжи
скалолазание,охота
горные лыжи
скалолазание,охота
горные лыжи
скалолазание,охота
горные лыжи
скалолазание,охота
горные лыжи
скалолазание,охота
горные лыжи
скалолазание,охота
горные лыжи
скалолазание,охота
горные лыжи
скалолазание,охота
горные лыжи
скалолазание,охота
горные лыжи
скалолазание,охота
горные лыжи
скалолазание,охота
горные лыжи
скалолазание,охота
горные лыжи
скалолазание,охота
горные лыжи
скалолазание,охота
горные лыжи
скалолазание,охота
горные лыжи
скалолазание,охота
горные лыжи
скалолазание,охота
горные лыжи
скалолазание,охота
горные лыжи
скалолазание,охота
горные лыжи
скалолазание,охота
горные лыжи
скалолазание,охота
горные лыжи
скалолазание,охота
горные лыжи
скалолазание,охота
горные лыжи
скалолазание,охота
горные лыжи
скалолазание,охота
горные лыжи
скалолазание,охота
горные лыжи
скалолазание,охота
горные лыжи
скалолазание,охота
горные лыжи
скалолазание,охота
горные лыжи
скалолазание,охота
горные лыжи
скалолазание,охота
горные лыжи
скалолазание,охота
горные лыжи
скалолазание,охота
горные лыжи
скалолазание,охота
горные лыжи
скалолазание,охота
горные лыжи
скалолазание,охота
горные лыжи
скалолазание,охота
горные лыжи
скалолазание,охота
горные лыжи
скалолазание,охота
горные лыжи
скалолазание,охота
горные лыжи
скалолазание,охота
горные лыжи
скалолазание,охота
горные лыжи
скалолазание,охота
